id_entrada,id_fonte,data_entrada,texto_entrada,emocao_rotulada,comprimento_texto
1,2,2026-05-11,Sem Texto,Não Informado,9
2,2,2026-05-11,Sem Texto,Não Informado,9
3,2,2026-05-11,Sem Texto,Não Informado,9
4,2,2026-05-11,Sem Texto,Não Informado,9
5,2,2026-05-11,Sem Texto,Não Informado,9
6,2,2026-05-11,Sem Texto,Não Informado,9
7,2,2026-05-11,Sem Texto,Não Informado,9
8,2,2026-05-11,Sem Texto,Não Informado,9
9,2,2026-05-11,Sem Texto,Não Informado,9
10,2,2026-05-11,Sem Texto,Não Informado,9
11,2,2026-05-11,Sem Texto,Não Informado,9
12,2,2026-05-11,Sem Texto,Não Informado,9
13,2,2026-05-11,Sem Texto,Não Informado,9
14,2,2026-05-11,Sem Texto,Não Informado,9
15,2,2026-05-11,Sem Texto,Não Informado,9
16,2,2026-05-11,Sem Texto,Não Informado,9
17,2,2026-05-11,Sem Texto,Não Informado,9
18,2,2026-05-11,Sem Texto,Não Informado,9
19,2,2026-05-11,Sem Texto,Não Informado,9
20,2,2026-05-11,Sem Texto,Não Informado,9
21,2,2026-05-11,Sem Texto,Não Informado,9
22,2,2026-05-11,Sem Texto,Não Informado,9
23,2,2026-05-11,Sem Texto,Não Informado,9
24,2,2026-05-11,Sem Texto,Não Informado,9
25,2,2026-05-11,Sem Texto,Não Informado,9
26,2,2026-05-11,Sem Texto,Não Informado,9
27,2,2026-05-11,Sem Texto,Não Informado,9
28,2,2026-05-11,Sem Texto,Não Informado,9
29,2,2026-05-11,Sem Texto,Não Informado,9
30,2,2026-05-11,Sem Texto,Não Informado,9
31,2,2026-05-11,Sem Texto,Não Informado,9
32,2,2026-05-11,Sem Texto,Não Informado,9
33,2,2026-05-11,Sem Texto,Não Informado,9
34,2,2026-05-11,Sem Texto,Não Informado,9
35,2,2026-05-11,Sem Texto,Não Informado,9
36,2,2026-05-11,Sem Texto,Não Informado,9
37,2,2026-05-11,Sem Texto,Não Informado,9
38,2,2026-05-11,Sem Texto,Não Informado,9
39,2,2026-05-11,Sem Texto,Não Informado,9
40,2,2026-05-11,Sem Texto,Não Informado,9
41,2,2026-05-11,Sem Texto,Não Informado,9
42,2,2026-05-11,Sem Texto,Não Informado,9
43,2,2026-05-11,Sem Texto,Não Informado,9
44,2,2026-05-11,Sem Texto,Não Informado,9
45,2,2026-05-11,Sem Texto,Não Informado,9
46,2,2026-05-11,Sem Texto,Não Informado,9
47,2,2026-05-11,Sem Texto,Não Informado,9
48,2,2026-05-11,Sem Texto,Não Informado,9
49,2,2026-05-11,Sem Texto,Não Informado,9
50,2,2026-05-11,Sem Texto,Não Informado,9
51,2,2026-05-11,Sem Texto,Não Informado,9
52,2,2026-05-11,Sem Texto,Não Informado,9
53,2,2026-05-11,Sem Texto,Não Informado,9
54,2,2026-05-11,Sem Texto,Não Informado,9
55,2,2026-05-11,Sem Texto,Não Informado,9
56,2,2026-05-11,Sem Texto,Não Informado,9
57,2,2026-05-11,Sem Texto,Não Informado,9
58,2,2026-05-11,Sem Texto,Não Informado,9
59,2,2026-05-11,Sem Texto,Não Informado,9
60,2,2026-05-11,Sem Texto,Não Informado,9
61,2,2026-05-11,Sem Texto,Não Informado,9
62,2,2026-05-11,Sem Texto,Não Informado,9
63,2,2026-05-11,Sem Texto,Não Informado,9
64,2,2026-05-11,Sem Texto,Não Informado,9
65,2,2026-05-11,Sem Texto,Não Informado,9
66,2,2026-05-11,Sem Texto,Não Informado,9
67,2,2026-05-11,Sem Texto,Não Informado,9
68,2,2026-05-11,Sem Texto,Não Informado,9
69,2,2026-05-11,Sem Texto,Não Informado,9
70,2,2026-05-11,Sem Texto,Não Informado,9
71,2,2026-05-11,Sem Texto,Não Informado,9
72,2,2026-05-11,Sem Texto,Não Informado,9
73,2,2026-05-11,Sem Texto,Não Informado,9
74,2,2026-05-11,Sem Texto,Não Informado,9
75,2,2026-05-11,Sem Texto,Não Informado,9
76,2,2026-05-11,Sem Texto,Não Informado,9
77,2,2026-05-11,Sem Texto,Não Informado,9
78,2,2026-05-11,Sem Texto,Não Informado,9
79,2,2026-05-11,Sem Texto,Não Informado,9
80,2,2026-05-11,Sem Texto,Não Informado,9
81,2,2026-05-11,Sem Texto,Não Informado,9
82,2,2026-05-11,Sem Texto,Não Informado,9
83,2,2026-05-11,Sem Texto,Não Informado,9
84,2,2026-05-11,Sem Texto,Não Informado,9
85,2,2026-05-11,Sem Texto,Não Informado,9
86,2,2026-05-11,Sem Texto,Não Informado,9
87,2,2026-05-11,Sem Texto,Não Informado,9
88,2,2026-05-11,Sem Texto,Não Informado,9
89,2,2026-05-11,Sem Texto,Não Informado,9
90,2,2026-05-11,Sem Texto,Não Informado,9
91,2,2026-05-11,Sem Texto,Não Informado,9
92,2,2026-05-11,Sem Texto,Não Informado,9
93,2,2026-05-11,Sem Texto,Não Informado,9
94,2,2026-05-11,Sem Texto,Não Informado,9
95,2,2026-05-11,Sem Texto,Não Informado,9
96,2,2026-05-11,Sem Texto,Não Informado,9
97,2,2026-05-11,Sem Texto,Não Informado,9
98,2,2026-05-11,Sem Texto,Não Informado,9
99,2,2026-05-11,Sem Texto,Não Informado,9
100,2,2026-05-11,Sem Texto,Não Informado,9
101,2,2026-05-11,Sem Texto,Não Informado,9
102,2,2026-05-11,Sem Texto,Não Informado,9
103,2,2026-05-11,Sem Texto,Não Informado,9
104,2,2026-05-11,Sem Texto,Não Informado,9
105,2,2026-05-11,Sem Texto,Não Informado,9
106,2,2026-05-11,Sem Texto,Não Informado,9
107,2,2026-05-11,Sem Texto,Não Informado,9
108,2,2026-05-11,Sem Texto,Não Informado,9
109,2,2026-05-11,Sem Texto,Não Informado,9
110,2,2026-05-11,Sem Texto,Não Informado,9
111,2,2026-05-11,Sem Texto,Não Informado,9
112,2,2026-05-11,Sem Texto,Não Informado,9
113,2,2026-05-11,Sem Texto,Não Informado,9
114,2,2026-05-11,Sem Texto,Não Informado,9
115,2,2026-05-11,Sem Texto,Não Informado,9
116,2,2026-05-11,Sem Texto,Não Informado,9
117,2,2026-05-11,Sem Texto,Não Informado,9
118,2,2026-05-11,Sem Texto,Não Informado,9
119,2,2026-05-11,Sem Texto,Não Informado,9
120,2,2026-05-11,Sem Texto,Não Informado,9
121,2,2026-05-11,Sem Texto,Não Informado,9
122,2,2026-05-11,Sem Texto,Não Informado,9
123,2,2026-05-11,Sem Texto,Não Informado,9
124,2,2026-05-11,Sem Texto,Não Informado,9
125,2,2026-05-11,Sem Texto,Não Informado,9
126,2,2026-05-11,Sem Texto,Não Informado,9
127,2,2026-05-11,Sem Texto,Não Informado,9
128,2,2026-05-11,Sem Texto,Não Informado,9
129,2,2026-05-11,Sem Texto,Não Informado,9
130,2,2026-05-11,Sem Texto,Não Informado,9
131,2,2026-05-11,Sem Texto,Não Informado,9
132,2,2026-05-11,Sem Texto,Não Informado,9
133,2,2026-05-11,Sem Texto,Não Informado,9
134,2,2026-05-11,Sem Texto,Não Informado,9
135,2,2026-05-11,Sem Texto,Não Informado,9
136,2,2026-05-11,Sem Texto,Não Informado,9
137,2,2026-05-11,Sem Texto,Não Informado,9
138,2,2026-05-11,Sem Texto,Não Informado,9
139,2,2026-05-11,Sem Texto,Não Informado,9
140,2,2026-05-11,Sem Texto,Não Informado,9
141,2,2026-05-11,Sem Texto,Não Informado,9
142,2,2026-05-11,Sem Texto,Não Informado,9
143,2,2026-05-11,Sem Texto,Não Informado,9
144,2,2026-05-11,Sem Texto,Não Informado,9
145,2,2026-05-11,Sem Texto,Não Informado,9
146,2,2026-05-11,Sem Texto,Não Informado,9
147,2,2026-05-11,Sem Texto,Não Informado,9
148,2,2026-05-11,Sem Texto,Não Informado,9
149,2,2026-05-11,Sem Texto,Não Informado,9
150,2,2026-05-11,Sem Texto,Não Informado,9
151,2,2026-05-11,Sem Texto,Não Informado,9
152,2,2026-05-11,Sem Texto,Não Informado,9
153,2,2026-05-11,Sem Texto,Não Informado,9
154,2,2026-05-11,Sem Texto,Não Informado,9
155,2,2026-05-11,Sem Texto,Não Informado,9
156,2,2026-05-11,Sem Texto,Não Informado,9
157,2,2026-05-11,Sem Texto,Não Informado,9
158,2,2026-05-11,Sem Texto,Não Informado,9
159,2,2026-05-11,Sem Texto,Não Informado,9
160,2,2026-05-11,Sem Texto,Não Informado,9
161,2,2026-05-11,Sem Texto,Não Informado,9
162,2,2026-05-11,Sem Texto,Não Informado,9
163,2,2026-05-11,Sem Texto,Não Informado,9
164,2,2026-05-11,Sem Texto,Não Informado,9
165,2,2026-05-11,Sem Texto,Não Informado,9
166,2,2026-05-11,Sem Texto,Não Informado,9
167,2,2026-05-11,Sem Texto,Não Informado,9
168,2,2026-05-11,Sem Texto,Não Informado,9
169,2,2026-05-11,Sem Texto,Não Informado,9
170,2,2026-05-11,Sem Texto,Não Informado,9
171,2,2026-05-11,Sem Texto,Não Informado,9
172,2,2026-05-11,Sem Texto,Não Informado,9
173,2,2026-05-11,Sem Texto,Não Informado,9
174,2,2026-05-11,Sem Texto,Não Informado,9
175,2,2026-05-11,Sem Texto,Não Informado,9
176,2,2026-05-11,Sem Texto,Não Informado,9
177,2,2026-05-11,Sem Texto,Não Informado,9
178,2,2026-05-11,Sem Texto,Não Informado,9
179,2,2026-05-11,Sem Texto,Não Informado,9
180,2,2026-05-11,Sem Texto,Não Informado,9
181,2,2026-05-11,Sem Texto,Não Informado,9
182,2,2026-05-11,Sem Texto,Não Informado,9
183,2,2026-05-11,Sem Texto,Não Informado,9
184,2,2026-05-11,Sem Texto,Não Informado,9
185,2,2026-05-11,Sem Texto,Não Informado,9
186,2,2026-05-11,Sem Texto,Não Informado,9
187,2,2026-05-11,Sem Texto,Não Informado,9
188,2,2026-05-11,Sem Texto,Não Informado,9
189,2,2026-05-11,Sem Texto,Não Informado,9
190,2,2026-05-11,Sem Texto,Não Informado,9
191,2,2026-05-11,Sem Texto,Não Informado,9
192,2,2026-05-11,Sem Texto,Não Informado,9
193,2,2026-05-11,Sem Texto,Não Informado,9
194,2,2026-05-11,Sem Texto,Não Informado,9
195,2,2026-05-11,Sem Texto,Não Informado,9
196,2,2026-05-11,Sem Texto,Não Informado,9
197,2,2026-05-11,Sem Texto,Não Informado,9
198,2,2026-05-11,Sem Texto,Não Informado,9
199,2,2026-05-11,Sem Texto,Não Informado,9
200,2,2026-05-11,Sem Texto,Não Informado,9
201,2,2026-05-11,Sem Texto,Não Informado,9
202,2,2026-05-11,Sem Texto,Não Informado,9
203,2,2026-05-11,Sem Texto,Não Informado,9
204,2,2026-05-11,Sem Texto,Não Informado,9
205,2,2026-05-11,Sem Texto,Não Informado,9
206,2,2026-05-11,Sem Texto,Não Informado,9
207,2,2026-05-11,Sem Texto,Não Informado,9
208,2,2026-05-11,Sem Texto,Não Informado,9
209,2,2026-05-11,Sem Texto,Não Informado,9
210,2,2026-05-11,Sem Texto,Não Informado,9
211,2,2026-05-11,Sem Texto,Não Informado,9
212,2,2026-05-11,Sem Texto,Não Informado,9
213,2,2026-05-11,Sem Texto,Não Informado,9
214,2,2026-05-11,Sem Texto,Não Informado,9
215,2,2026-05-11,Sem Texto,Não Informado,9
216,2,2026-05-11,Sem Texto,Não Informado,9
217,2,2026-05-11,Sem Texto,Não Informado,9
218,2,2026-05-11,Sem Texto,Não Informado,9
219,2,2026-05-11,Sem Texto,Não Informado,9
220,2,2026-05-11,Sem Texto,Não Informado,9
221,2,2026-05-11,Sem Texto,Não Informado,9
222,2,2026-05-11,Sem Texto,Não Informado,9
223,2,2026-05-11,Sem Texto,Não Informado,9
224,2,2026-05-11,Sem Texto,Não Informado,9
225,2,2026-05-11,Sem Texto,Não Informado,9
226,2,2026-05-11,Sem Texto,Não Informado,9
227,2,2026-05-11,Sem Texto,Não Informado,9
228,2,2026-05-11,Sem Texto,Não Informado,9
229,2,2026-05-11,Sem Texto,Não Informado,9
230,2,2026-05-11,Sem Texto,Não Informado,9
231,2,2026-05-11,Sem Texto,Não Informado,9
232,2,2026-05-11,Sem Texto,Não Informado,9
233,2,2026-05-11,Sem Texto,Não Informado,9
234,2,2026-05-11,Sem Texto,Não Informado,9
235,2,2026-05-11,Sem Texto,Não Informado,9
236,2,2026-05-11,Sem Texto,Não Informado,9
237,2,2026-05-11,Sem Texto,Não Informado,9
238,2,2026-05-11,Sem Texto,Não Informado,9
239,2,2026-05-11,Sem Texto,Não Informado,9
240,2,2026-05-11,Sem Texto,Não Informado,9
241,2,2026-05-11,Sem Texto,Não Informado,9
242,2,2026-05-11,Sem Texto,Não Informado,9
243,2,2026-05-11,Sem Texto,Não Informado,9
244,2,2026-05-11,Sem Texto,Não Informado,9
245,2,2026-05-11,Sem Texto,Não Informado,9
246,2,2026-05-11,Sem Texto,Não Informado,9
247,2,2026-05-11,Sem Texto,Não Informado,9
248,2,2026-05-11,Sem Texto,Não Informado,9
249,2,2026-05-11,Sem Texto,Não Informado,9
250,2,2026-05-11,Sem Texto,Não Informado,9
251,2,2026-05-11,Sem Texto,Não Informado,9
252,2,2026-05-11,Sem Texto,Não Informado,9
253,2,2026-05-11,Sem Texto,Não Informado,9
254,2,2026-05-11,Sem Texto,Não Informado,9
255,2,2026-05-11,Sem Texto,Não Informado,9
256,2,2026-05-11,Sem Texto,Não Informado,9
257,2,2026-05-11,Sem Texto,Não Informado,9
258,2,2026-05-11,Sem Texto,Não Informado,9
259,2,2026-05-11,Sem Texto,Não Informado,9
260,2,2026-05-11,Sem Texto,Não Informado,9
261,2,2026-05-11,Sem Texto,Não Informado,9
262,2,2026-05-11,Sem Texto,Não Informado,9
263,2,2026-05-11,Sem Texto,Não Informado,9
264,2,2026-05-11,Sem Texto,Não Informado,9
265,2,2026-05-11,Sem Texto,Não Informado,9
266,2,2026-05-11,Sem Texto,Não Informado,9
267,2,2026-05-11,Sem Texto,Não Informado,9
268,2,2026-05-11,Sem Texto,Não Informado,9
269,2,2026-05-11,Sem Texto,Não Informado,9
270,2,2026-05-11,Sem Texto,Não Informado,9
271,2,2026-05-11,Sem Texto,Não Informado,9
272,2,2026-05-11,Sem Texto,Não Informado,9
273,2,2026-05-11,Sem Texto,Não Informado,9
274,2,2026-05-11,Sem Texto,Não Informado,9
275,2,2026-05-11,Sem Texto,Não Informado,9
276,2,2026-05-11,Sem Texto,Não Informado,9
277,2,2026-05-11,Sem Texto,Não Informado,9
278,2,2026-05-11,Sem Texto,Não Informado,9
279,2,2026-05-11,Sem Texto,Não Informado,9
280,2,2026-05-11,Sem Texto,Não Informado,9
281,2,2026-05-11,Sem Texto,Não Informado,9
282,2,2026-05-11,Sem Texto,Não Informado,9
283,2,2026-05-11,Sem Texto,Não Informado,9
284,2,2026-05-11,Sem Texto,Não Informado,9
285,2,2026-05-11,Sem Texto,Não Informado,9
286,2,2026-05-11,Sem Texto,Não Informado,9
287,2,2026-05-11,Sem Texto,Não Informado,9
288,2,2026-05-11,Sem Texto,Não Informado,9
289,2,2026-05-11,Sem Texto,Não Informado,9
290,2,2026-05-11,Sem Texto,Não Informado,9
291,2,2026-05-11,Sem Texto,Não Informado,9
292,2,2026-05-11,Sem Texto,Não Informado,9
293,2,2026-05-11,Sem Texto,Não Informado,9
294,2,2026-05-11,Sem Texto,Não Informado,9
295,2,2026-05-11,Sem Texto,Não Informado,9
296,2,2026-05-11,Sem Texto,Não Informado,9
297,2,2026-05-11,Sem Texto,Não Informado,9
298,2,2026-05-11,Sem Texto,Não Informado,9
299,2,2026-05-11,Sem Texto,Não Informado,9
300,2,2026-05-11,Sem Texto,Não Informado,9
301,2,2026-05-11,Sem Texto,Não Informado,9
302,2,2026-05-11,Sem Texto,Não Informado,9
303,2,2026-05-11,Sem Texto,Não Informado,9
304,2,2026-05-11,Sem Texto,Não Informado,9
305,2,2026-05-11,Sem Texto,Não Informado,9
306,2,2026-05-11,Sem Texto,Não Informado,9
307,2,2026-05-11,Sem Texto,Não Informado,9
308,2,2026-05-11,Sem Texto,Não Informado,9
309,2,2026-05-11,Sem Texto,Não Informado,9
310,2,2026-05-11,Sem Texto,Não Informado,9
311,2,2026-05-11,Sem Texto,Não Informado,9
312,2,2026-05-11,Sem Texto,Não Informado,9
313,2,2026-05-11,Sem Texto,Não Informado,9
314,2,2026-05-11,Sem Texto,Não Informado,9
315,2,2026-05-11,Sem Texto,Não Informado,9
316,2,2026-05-11,Sem Texto,Não Informado,9
317,2,2026-05-11,Sem Texto,Não Informado,9
318,2,2026-05-11,Sem Texto,Não Informado,9
319,2,2026-05-11,Sem Texto,Não Informado,9
320,2,2026-05-11,Sem Texto,Não Informado,9
321,2,2026-05-11,Sem Texto,Não Informado,9
322,2,2026-05-11,Sem Texto,Não Informado,9
323,2,2026-05-11,Sem Texto,Não Informado,9
324,2,2026-05-11,Sem Texto,Não Informado,9
325,2,2026-05-11,Sem Texto,Não Informado,9
326,2,2026-05-11,Sem Texto,Não Informado,9
327,2,2026-05-11,Sem Texto,Não Informado,9
328,2,2026-05-11,Sem Texto,Não Informado,9
329,2,2026-05-11,Sem Texto,Não Informado,9
330,2,2026-05-11,Sem Texto,Não Informado,9
331,2,2026-05-11,Sem Texto,Não Informado,9
332,2,2026-05-11,Sem Texto,Não Informado,9
333,2,2026-05-11,Sem Texto,Não Informado,9
334,2,2026-05-11,Sem Texto,Não Informado,9
335,2,2026-05-11,Sem Texto,Não Informado,9
336,2,2026-05-11,Sem Texto,Não Informado,9
337,2,2026-05-11,Sem Texto,Não Informado,9
338,2,2026-05-11,Sem Texto,Não Informado,9
339,2,2026-05-11,Sem Texto,Não Informado,9
340,2,2026-05-11,Sem Texto,Não Informado,9
341,2,2026-05-11,Sem Texto,Não Informado,9
342,2,2026-05-11,Sem Texto,Não Informado,9
343,2,2026-05-11,Sem Texto,Não Informado,9
344,2,2026-05-11,Sem Texto,Não Informado,9
345,2,2026-05-11,Sem Texto,Não Informado,9
346,2,2026-05-11,Sem Texto,Não Informado,9
347,2,2026-05-11,Sem Texto,Não Informado,9
348,2,2026-05-11,Sem Texto,Não Informado,9
349,2,2026-05-11,Sem Texto,Não Informado,9
350,2,2026-05-11,Sem Texto,Não Informado,9
351,2,2026-05-11,Sem Texto,Não Informado,9
352,2,2026-05-11,Sem Texto,Não Informado,9
353,2,2026-05-11,Sem Texto,Não Informado,9
354,2,2026-05-11,Sem Texto,Não Informado,9
355,2,2026-05-11,Sem Texto,Não Informado,9
356,2,2026-05-11,Sem Texto,Não Informado,9
357,2,2026-05-11,Sem Texto,Não Informado,9
358,2,2026-05-11,Sem Texto,Não Informado,9
359,2,2026-05-11,Sem Texto,Não Informado,9
360,2,2026-05-11,Sem Texto,Não Informado,9
361,2,2026-05-11,Sem Texto,Não Informado,9
362,2,2026-05-11,Sem Texto,Não Informado,9
363,2,2026-05-11,Sem Texto,Não Informado,9
364,2,2026-05-11,Sem Texto,Não Informado,9
365,2,2026-05-11,Sem Texto,Não Informado,9
366,2,2026-05-11,Sem Texto,Não Informado,9
367,2,2026-05-11,Sem Texto,Não Informado,9
368,2,2026-05-11,Sem Texto,Não Informado,9
369,2,2026-05-11,Sem Texto,Não Informado,9
370,2,2026-05-11,Sem Texto,Não Informado,9
371,2,2026-05-11,Sem Texto,Não Informado,9
372,2,2026-05-11,Sem Texto,Não Informado,9
373,2,2026-05-11,Sem Texto,Não Informado,9
374,2,2026-05-11,Sem Texto,Não Informado,9
375,2,2026-05-11,Sem Texto,Não Informado,9
376,2,2026-05-11,Sem Texto,Não Informado,9
377,2,2026-05-11,Sem Texto,Não Informado,9
378,2,2026-05-11,Sem Texto,Não Informado,9
379,2,2026-05-11,Sem Texto,Não Informado,9
380,2,2026-05-11,Sem Texto,Não Informado,9
381,2,2026-05-11,Sem Texto,Não Informado,9
382,2,2026-05-11,Sem Texto,Não Informado,9
383,2,2026-05-11,Sem Texto,Não Informado,9
384,2,2026-05-11,Sem Texto,Não Informado,9
385,2,2026-05-11,Sem Texto,Não Informado,9
386,2,2026-05-11,Sem Texto,Não Informado,9
387,2,2026-05-11,Sem Texto,Não Informado,9
388,2,2026-05-11,Sem Texto,Não Informado,9
389,2,2026-05-11,Sem Texto,Não Informado,9
390,2,2026-05-11,Sem Texto,Não Informado,9
391,2,2026-05-11,Sem Texto,Não Informado,9
392,2,2026-05-11,Sem Texto,Não Informado,9
393,2,2026-05-11,Sem Texto,Não Informado,9
394,2,2026-05-11,Sem Texto,Não Informado,9
395,2,2026-05-11,Sem Texto,Não Informado,9
396,2,2026-05-11,Sem Texto,Não Informado,9
397,2,2026-05-11,Sem Texto,Não Informado,9
398,2,2026-05-11,Sem Texto,Não Informado,9
399,2,2026-05-11,Sem Texto,Não Informado,9
400,2,2026-05-11,Sem Texto,Não Informado,9
401,2,2026-05-11,Sem Texto,Não Informado,9
402,2,2026-05-11,Sem Texto,Não Informado,9
403,2,2026-05-11,Sem Texto,Não Informado,9
404,2,2026-05-11,Sem Texto,Não Informado,9
405,2,2026-05-11,Sem Texto,Não Informado,9
406,2,2026-05-11,Sem Texto,Não Informado,9
407,2,2026-05-11,Sem Texto,Não Informado,9
408,2,2026-05-11,Sem Texto,Não Informado,9
409,2,2026-05-11,Sem Texto,Não Informado,9
410,2,2026-05-11,Sem Texto,Não Informado,9
411,2,2026-05-11,Sem Texto,Não Informado,9
412,2,2026-05-11,Sem Texto,Não Informado,9
413,2,2026-05-11,Sem Texto,Não Informado,9
414,2,2026-05-11,Sem Texto,Não Informado,9
415,2,2026-05-11,Sem Texto,Não Informado,9
416,2,2026-05-11,Sem Texto,Não Informado,9
417,2,2026-05-11,Sem Texto,Não Informado,9
418,2,2026-05-11,Sem Texto,Não Informado,9
419,2,2026-05-11,Sem Texto,Não Informado,9
420,2,2026-05-11,Sem Texto,Não Informado,9
421,2,2026-05-11,Sem Texto,Não Informado,9
422,2,2026-05-11,Sem Texto,Não Informado,9
423,2,2026-05-11,Sem Texto,Não Informado,9
424,2,2026-05-11,Sem Texto,Não Informado,9
425,2,2026-05-11,Sem Texto,Não Informado,9
426,2,2026-05-11,Sem Texto,Não Informado,9
427,2,2026-05-11,Sem Texto,Não Informado,9
428,2,2026-05-11,Sem Texto,Não Informado,9
429,2,2026-05-11,Sem Texto,Não Informado,9
430,2,2026-05-11,Sem Texto,Não Informado,9
431,2,2026-05-11,Sem Texto,Não Informado,9
432,2,2026-05-11,Sem Texto,Não Informado,9
433,2,2026-05-11,Sem Texto,Não Informado,9
434,2,2026-05-11,Sem Texto,Não Informado,9
435,2,2026-05-11,Sem Texto,Não Informado,9
436,2,2026-05-11,Sem Texto,Não Informado,9
437,2,2026-05-11,Sem Texto,Não Informado,9
438,2,2026-05-11,Sem Texto,Não Informado,9
439,2,2026-05-11,Sem Texto,Não Informado,9
440,2,2026-05-11,Sem Texto,Não Informado,9
441,2,2026-05-11,Sem Texto,Não Informado,9
442,2,2026-05-11,Sem Texto,Não Informado,9
443,2,2026-05-11,Sem Texto,Não Informado,9
444,2,2026-05-11,Sem Texto,Não Informado,9
445,2,2026-05-11,Sem Texto,Não Informado,9
446,2,2026-05-11,Sem Texto,Não Informado,9
447,2,2026-05-11,Sem Texto,Não Informado,9
448,2,2026-05-11,Sem Texto,Não Informado,9
449,2,2026-05-11,Sem Texto,Não Informado,9
450,2,2026-05-11,Sem Texto,Não Informado,9
451,2,2026-05-11,Sem Texto,Não Informado,9
452,2,2026-05-11,Sem Texto,Não Informado,9
453,2,2026-05-11,Sem Texto,Não Informado,9
454,2,2026-05-11,Sem Texto,Não Informado,9
455,2,2026-05-11,Sem Texto,Não Informado,9
456,2,2026-05-11,Sem Texto,Não Informado,9
457,2,2026-05-11,Sem Texto,Não Informado,9
458,2,2026-05-11,Sem Texto,Não Informado,9
459,2,2026-05-11,Sem Texto,Não Informado,9
460,2,2026-05-11,Sem Texto,Não Informado,9
461,2,2026-05-11,Sem Texto,Não Informado,9
462,2,2026-05-11,Sem Texto,Não Informado,9
463,2,2026-05-11,Sem Texto,Não Informado,9
464,2,2026-05-11,Sem Texto,Não Informado,9
465,2,2026-05-11,Sem Texto,Não Informado,9
466,2,2026-05-11,Sem Texto,Não Informado,9
467,2,2026-05-11,Sem Texto,Não Informado,9
468,2,2026-05-11,Sem Texto,Não Informado,9
469,2,2026-05-11,Sem Texto,Não Informado,9
470,2,2026-05-11,Sem Texto,Não Informado,9
471,2,2026-05-11,Sem Texto,Não Informado,9
472,2,2026-05-11,Sem Texto,Não Informado,9
473,2,2026-05-11,Sem Texto,Não Informado,9
474,2,2026-05-11,Sem Texto,Não Informado,9
475,2,2026-05-11,Sem Texto,Não Informado,9
476,2,2026-05-11,Sem Texto,Não Informado,9
477,2,2026-05-11,Sem Texto,Não Informado,9
478,2,2026-05-11,Sem Texto,Não Informado,9
479,2,2026-05-11,Sem Texto,Não Informado,9
480,2,2026-05-11,Sem Texto,Não Informado,9
481,2,2026-05-11,Sem Texto,Não Informado,9
482,2,2026-05-11,Sem Texto,Não Informado,9
483,2,2026-05-11,Sem Texto,Não Informado,9
484,2,2026-05-11,Sem Texto,Não Informado,9
485,2,2026-05-11,Sem Texto,Não Informado,9
486,2,2026-05-11,Sem Texto,Não Informado,9
487,2,2026-05-11,Sem Texto,Não Informado,9
488,2,2026-05-11,Sem Texto,Não Informado,9
489,2,2026-05-11,Sem Texto,Não Informado,9
490,2,2026-05-11,Sem Texto,Não Informado,9
491,2,2026-05-11,Sem Texto,Não Informado,9
492,2,2026-05-11,Sem Texto,Não Informado,9
493,2,2026-05-11,Sem Texto,Não Informado,9
494,2,2026-05-11,Sem Texto,Não Informado,9
495,2,2026-05-11,Sem Texto,Não Informado,9
496,2,2026-05-11,Sem Texto,Não Informado,9
497,2,2026-05-11,Sem Texto,Não Informado,9
498,2,2026-05-11,Sem Texto,Não Informado,9
499,2,2026-05-11,Sem Texto,Não Informado,9
500,2,2026-05-11,Sem Texto,Não Informado,9
501,2,2026-05-11,Sem Texto,Não Informado,9
502,2,2026-05-11,Sem Texto,Não Informado,9
503,2,2026-05-11,Sem Texto,Não Informado,9
504,2,2026-05-11,Sem Texto,Não Informado,9
505,2,2026-05-11,Sem Texto,Não Informado,9
506,2,2026-05-11,Sem Texto,Não Informado,9
507,2,2026-05-11,Sem Texto,Não Informado,9
508,2,2026-05-11,Sem Texto,Não Informado,9
509,2,2026-05-11,Sem Texto,Não Informado,9
510,2,2026-05-11,Sem Texto,Não Informado,9
511,2,2026-05-11,Sem Texto,Não Informado,9
512,2,2026-05-11,Sem Texto,Não Informado,9
513,2,2026-05-11,Sem Texto,Não Informado,9
514,2,2026-05-11,Sem Texto,Não Informado,9
515,2,2026-05-11,Sem Texto,Não Informado,9
516,2,2026-05-11,Sem Texto,Não Informado,9
517,2,2026-05-11,Sem Texto,Não Informado,9
518,2,2026-05-11,Sem Texto,Não Informado,9
519,2,2026-05-11,Sem Texto,Não Informado,9
520,2,2026-05-11,Sem Texto,Não Informado,9
521,2,2026-05-11,Sem Texto,Não Informado,9
522,2,2026-05-11,Sem Texto,Não Informado,9
523,2,2026-05-11,Sem Texto,Não Informado,9
524,2,2026-05-11,Sem Texto,Não Informado,9
525,2,2026-05-11,Sem Texto,Não Informado,9
526,2,2026-05-11,Sem Texto,Não Informado,9
527,2,2026-05-11,Sem Texto,Não Informado,9
528,2,2026-05-11,Sem Texto,Não Informado,9
529,2,2026-05-11,Sem Texto,Não Informado,9
530,2,2026-05-11,Sem Texto,Não Informado,9
531,2,2026-05-11,Sem Texto,Não Informado,9
532,2,2026-05-11,Sem Texto,Não Informado,9
533,2,2026-05-11,Sem Texto,Não Informado,9
534,2,2026-05-11,Sem Texto,Não Informado,9
535,2,2026-05-11,Sem Texto,Não Informado,9
536,2,2026-05-11,Sem Texto,Não Informado,9
537,2,2026-05-11,Sem Texto,Não Informado,9
538,2,2026-05-11,Sem Texto,Não Informado,9
539,2,2026-05-11,Sem Texto,Não Informado,9
540,2,2026-05-11,Sem Texto,Não Informado,9
541,2,2026-05-11,Sem Texto,Não Informado,9
542,2,2026-05-11,Sem Texto,Não Informado,9
543,2,2026-05-11,Sem Texto,Não Informado,9
544,2,2026-05-11,Sem Texto,Não Informado,9
545,2,2026-05-11,Sem Texto,Não Informado,9
546,2,2026-05-11,Sem Texto,Não Informado,9
547,2,2026-05-11,Sem Texto,Não Informado,9
548,2,2026-05-11,Sem Texto,Não Informado,9
549,2,2026-05-11,Sem Texto,Não Informado,9
550,2,2026-05-11,Sem Texto,Não Informado,9
551,2,2026-05-11,Sem Texto,Não Informado,9
552,2,2026-05-11,Sem Texto,Não Informado,9
553,2,2026-05-11,Sem Texto,Não Informado,9
554,2,2026-05-11,Sem Texto,Não Informado,9
555,2,2026-05-11,Sem Texto,Não Informado,9
556,2,2026-05-11,Sem Texto,Não Informado,9
557,2,2026-05-11,Sem Texto,Não Informado,9
558,2,2026-05-11,Sem Texto,Não Informado,9
559,2,2026-05-11,Sem Texto,Não Informado,9
560,2,2026-05-11,Sem Texto,Não Informado,9
561,2,2026-05-11,Sem Texto,Não Informado,9
562,2,2026-05-11,Sem Texto,Não Informado,9
563,2,2026-05-11,Sem Texto,Não Informado,9
564,2,2026-05-11,Sem Texto,Não Informado,9
565,2,2026-05-11,Sem Texto,Não Informado,9
566,2,2026-05-11,Sem Texto,Não Informado,9
567,2,2026-05-11,Sem Texto,Não Informado,9
568,2,2026-05-11,Sem Texto,Não Informado,9
569,2,2026-05-11,Sem Texto,Não Informado,9
570,2,2026-05-11,Sem Texto,Não Informado,9
571,2,2026-05-11,Sem Texto,Não Informado,9
572,2,2026-05-11,Sem Texto,Não Informado,9
573,2,2026-05-11,Sem Texto,Não Informado,9
574,2,2026-05-11,Sem Texto,Não Informado,9
575,2,2026-05-11,Sem Texto,Não Informado,9
576,2,2026-05-11,Sem Texto,Não Informado,9
577,2,2026-05-11,Sem Texto,Não Informado,9
578,2,2026-05-11,Sem Texto,Não Informado,9
579,2,2026-05-11,Sem Texto,Não Informado,9
580,2,2026-05-11,Sem Texto,Não Informado,9
581,2,2026-05-11,Sem Texto,Não Informado,9
582,2,2026-05-11,Sem Texto,Não Informado,9
583,2,2026-05-11,Sem Texto,Não Informado,9
584,2,2026-05-11,Sem Texto,Não Informado,9
585,2,2026-05-11,Sem Texto,Não Informado,9
586,2,2026-05-11,Sem Texto,Não Informado,9
587,2,2026-05-11,Sem Texto,Não Informado,9
588,2,2026-05-11,Sem Texto,Não Informado,9
589,2,2026-05-11,Sem Texto,Não Informado,9
590,2,2026-05-11,Sem Texto,Não Informado,9
591,2,2026-05-11,Sem Texto,Não Informado,9
592,2,2026-05-11,Sem Texto,Não Informado,9
593,2,2026-05-11,Sem Texto,Não Informado,9
594,2,2026-05-11,Sem Texto,Não Informado,9
595,2,2026-05-11,Sem Texto,Não Informado,9
596,2,2026-05-11,Sem Texto,Não Informado,9
597,2,2026-05-11,Sem Texto,Não Informado,9
598,2,2026-05-11,Sem Texto,Não Informado,9
599,2,2026-05-11,Sem Texto,Não Informado,9
600,2,2026-05-11,Sem Texto,Não Informado,9
601,2,2026-05-11,Sem Texto,Não Informado,9
602,2,2026-05-11,Sem Texto,Não Informado,9
603,2,2026-05-11,Sem Texto,Não Informado,9
604,2,2026-05-11,Sem Texto,Não Informado,9
605,2,2026-05-11,Sem Texto,Não Informado,9
606,2,2026-05-11,Sem Texto,Não Informado,9
607,2,2026-05-11,Sem Texto,Não Informado,9
608,2,2026-05-11,Sem Texto,Não Informado,9
609,2,2026-05-11,Sem Texto,Não Informado,9
610,2,2026-05-11,Sem Texto,Não Informado,9
611,2,2026-05-11,Sem Texto,Não Informado,9
612,2,2026-05-11,Sem Texto,Não Informado,9
613,2,2026-05-11,Sem Texto,Não Informado,9
614,2,2026-05-11,Sem Texto,Não Informado,9
615,2,2026-05-11,Sem Texto,Não Informado,9
616,2,2026-05-11,Sem Texto,Não Informado,9
617,2,2026-05-11,Sem Texto,Não Informado,9
618,2,2026-05-11,Sem Texto,Não Informado,9
619,2,2026-05-11,Sem Texto,Não Informado,9
620,2,2026-05-11,Sem Texto,Não Informado,9
621,2,2026-05-11,Sem Texto,Não Informado,9
622,2,2026-05-11,Sem Texto,Não Informado,9
623,2,2026-05-11,Sem Texto,Não Informado,9
624,2,2026-05-11,Sem Texto,Não Informado,9
625,2,2026-05-11,Sem Texto,Não Informado,9
626,2,2026-05-11,Sem Texto,Não Informado,9
627,2,2026-05-11,Sem Texto,Não Informado,9
628,2,2026-05-11,Sem Texto,Não Informado,9
629,2,2026-05-11,Sem Texto,Não Informado,9
630,2,2026-05-11,Sem Texto,Não Informado,9
631,2,2026-05-11,Sem Texto,Não Informado,9
632,2,2026-05-11,Sem Texto,Não Informado,9
633,2,2026-05-11,Sem Texto,Não Informado,9
634,2,2026-05-11,Sem Texto,Não Informado,9
635,2,2026-05-11,Sem Texto,Não Informado,9
636,2,2026-05-11,Sem Texto,Não Informado,9
637,2,2026-05-11,Sem Texto,Não Informado,9
638,2,2026-05-11,Sem Texto,Não Informado,9
639,2,2026-05-11,Sem Texto,Não Informado,9
640,2,2026-05-11,Sem Texto,Não Informado,9
641,2,2026-05-11,Sem Texto,Não Informado,9
642,2,2026-05-11,Sem Texto,Não Informado,9
643,2,2026-05-11,Sem Texto,Não Informado,9
644,2,2026-05-11,Sem Texto,Não Informado,9
645,2,2026-05-11,Sem Texto,Não Informado,9
646,2,2026-05-11,Sem Texto,Não Informado,9
647,2,2026-05-11,Sem Texto,Não Informado,9
648,2,2026-05-11,Sem Texto,Não Informado,9
649,2,2026-05-11,Sem Texto,Não Informado,9
650,2,2026-05-11,Sem Texto,Não Informado,9
651,2,2026-05-11,Sem Texto,Não Informado,9
652,2,2026-05-11,Sem Texto,Não Informado,9
653,2,2026-05-11,Sem Texto,Não Informado,9
654,2,2026-05-11,Sem Texto,Não Informado,9
655,2,2026-05-11,Sem Texto,Não Informado,9
656,2,2026-05-11,Sem Texto,Não Informado,9
657,2,2026-05-11,Sem Texto,Não Informado,9
658,2,2026-05-11,Sem Texto,Não Informado,9
659,2,2026-05-11,Sem Texto,Não Informado,9
660,2,2026-05-11,Sem Texto,Não Informado,9
661,2,2026-05-11,Sem Texto,Não Informado,9
662,2,2026-05-11,Sem Texto,Não Informado,9
663,2,2026-05-11,Sem Texto,Não Informado,9
664,2,2026-05-11,Sem Texto,Não Informado,9
665,2,2026-05-11,Sem Texto,Não Informado,9
666,2,2026-05-11,Sem Texto,Não Informado,9
667,2,2026-05-11,Sem Texto,Não Informado,9
668,2,2026-05-11,Sem Texto,Não Informado,9
669,2,2026-05-11,Sem Texto,Não Informado,9
670,2,2026-05-11,Sem Texto,Não Informado,9
671,2,2026-05-11,Sem Texto,Não Informado,9
672,2,2026-05-11,Sem Texto,Não Informado,9
673,2,2026-05-11,Sem Texto,Não Informado,9
674,2,2026-05-11,Sem Texto,Não Informado,9
675,2,2026-05-11,Sem Texto,Não Informado,9
676,2,2026-05-11,Sem Texto,Não Informado,9
677,2,2026-05-11,Sem Texto,Não Informado,9
678,2,2026-05-11,Sem Texto,Não Informado,9
679,2,2026-05-11,Sem Texto,Não Informado,9
680,2,2026-05-11,Sem Texto,Não Informado,9
681,2,2026-05-11,Sem Texto,Não Informado,9
682,2,2026-05-11,Sem Texto,Não Informado,9
683,2,2026-05-11,Sem Texto,Não Informado,9
684,2,2026-05-11,Sem Texto,Não Informado,9
685,2,2026-05-11,Sem Texto,Não Informado,9
686,2,2026-05-11,Sem Texto,Não Informado,9
687,2,2026-05-11,Sem Texto,Não Informado,9
688,2,2026-05-11,Sem Texto,Não Informado,9
689,2,2026-05-11,Sem Texto,Não Informado,9
690,2,2026-05-11,Sem Texto,Não Informado,9
691,2,2026-05-11,Sem Texto,Não Informado,9
692,2,2026-05-11,Sem Texto,Não Informado,9
693,2,2026-05-11,Sem Texto,Não Informado,9
694,2,2026-05-11,Sem Texto,Não Informado,9
695,2,2026-05-11,Sem Texto,Não Informado,9
696,2,2026-05-11,Sem Texto,Não Informado,9
697,2,2026-05-11,Sem Texto,Não Informado,9
698,2,2026-05-11,Sem Texto,Não Informado,9
699,2,2026-05-11,Sem Texto,Não Informado,9
700,2,2026-05-11,Sem Texto,Não Informado,9
701,2,2026-05-11,Sem Texto,Não Informado,9
702,2,2026-05-11,Sem Texto,Não Informado,9
703,2,2026-05-11,Sem Texto,Não Informado,9
704,2,2026-05-11,Sem Texto,Não Informado,9
705,2,2026-05-11,Sem Texto,Não Informado,9
706,2,2026-05-11,Sem Texto,Não Informado,9
707,2,2026-05-11,Sem Texto,Não Informado,9
708,2,2026-05-11,Sem Texto,Não Informado,9
709,2,2026-05-11,Sem Texto,Não Informado,9
710,2,2026-05-11,Sem Texto,Não Informado,9
711,2,2026-05-11,Sem Texto,Não Informado,9
712,2,2026-05-11,Sem Texto,Não Informado,9
713,2,2026-05-11,Sem Texto,Não Informado,9
714,2,2026-05-11,Sem Texto,Não Informado,9
715,2,2026-05-11,Sem Texto,Não Informado,9
716,2,2026-05-11,Sem Texto,Não Informado,9
717,2,2026-05-11,Sem Texto,Não Informado,9
718,2,2026-05-11,Sem Texto,Não Informado,9
719,2,2026-05-11,Sem Texto,Não Informado,9
720,2,2026-05-11,Sem Texto,Não Informado,9
721,2,2026-05-11,Sem Texto,Não Informado,9
722,2,2026-05-11,Sem Texto,Não Informado,9
723,2,2026-05-11,Sem Texto,Não Informado,9
724,2,2026-05-11,Sem Texto,Não Informado,9
725,2,2026-05-11,Sem Texto,Não Informado,9
726,2,2026-05-11,Sem Texto,Não Informado,9
727,2,2026-05-11,Sem Texto,Não Informado,9
728,2,2026-05-11,Sem Texto,Não Informado,9
729,2,2026-05-11,Sem Texto,Não Informado,9
730,2,2026-05-11,Sem Texto,Não Informado,9
731,2,2026-05-11,Sem Texto,Não Informado,9
732,2,2026-05-11,Sem Texto,Não Informado,9
733,2,2026-05-11,Sem Texto,Não Informado,9
734,2,2026-05-11,Sem Texto,Não Informado,9
735,2,2026-05-11,Sem Texto,Não Informado,9
736,2,2026-05-11,Sem Texto,Não Informado,9
737,2,2026-05-11,Sem Texto,Não Informado,9
738,2,2026-05-11,Sem Texto,Não Informado,9
739,2,2026-05-11,Sem Texto,Não Informado,9
740,2,2026-05-11,Sem Texto,Não Informado,9
741,2,2026-05-11,Sem Texto,Não Informado,9
742,2,2026-05-11,Sem Texto,Não Informado,9
743,2,2026-05-11,Sem Texto,Não Informado,9
744,2,2026-05-11,Sem Texto,Não Informado,9
745,2,2026-05-11,Sem Texto,Não Informado,9
746,2,2026-05-11,Sem Texto,Não Informado,9
747,2,2026-05-11,Sem Texto,Não Informado,9
748,2,2026-05-11,Sem Texto,Não Informado,9
749,2,2026-05-11,Sem Texto,Não Informado,9
750,2,2026-05-11,Sem Texto,Não Informado,9
751,2,2026-05-11,Sem Texto,Não Informado,9
752,2,2026-05-11,Sem Texto,Não Informado,9
753,2,2026-05-11,Sem Texto,Não Informado,9
754,2,2026-05-11,Sem Texto,Não Informado,9
755,2,2026-05-11,Sem Texto,Não Informado,9
756,2,2026-05-11,Sem Texto,Não Informado,9
757,2,2026-05-11,Sem Texto,Não Informado,9
758,2,2026-05-11,Sem Texto,Não Informado,9
759,2,2026-05-11,Sem Texto,Não Informado,9
760,2,2026-05-11,Sem Texto,Não Informado,9
761,2,2026-05-11,Sem Texto,Não Informado,9
762,2,2026-05-11,Sem Texto,Não Informado,9
763,2,2026-05-11,Sem Texto,Não Informado,9
764,2,2026-05-11,Sem Texto,Não Informado,9
765,2,2026-05-11,Sem Texto,Não Informado,9
766,2,2026-05-11,Sem Texto,Não Informado,9
767,2,2026-05-11,Sem Texto,Não Informado,9
768,2,2026-05-11,Sem Texto,Não Informado,9
769,2,2026-05-11,Sem Texto,Não Informado,9
770,2,2026-05-11,Sem Texto,Não Informado,9
771,2,2026-05-11,Sem Texto,Não Informado,9
772,2,2026-05-11,Sem Texto,Não Informado,9
773,2,2026-05-11,Sem Texto,Não Informado,9
774,2,2026-05-11,Sem Texto,Não Informado,9
775,2,2026-05-11,Sem Texto,Não Informado,9
776,2,2026-05-11,Sem Texto,Não Informado,9
777,2,2026-05-11,Sem Texto,Não Informado,9
778,2,2026-05-11,Sem Texto,Não Informado,9
779,2,2026-05-11,Sem Texto,Não Informado,9
780,2,2026-05-11,Sem Texto,Não Informado,9
781,2,2026-05-11,Sem Texto,Não Informado,9
782,2,2026-05-11,Sem Texto,Não Informado,9
783,2,2026-05-11,Sem Texto,Não Informado,9
784,2,2026-05-11,Sem Texto,Não Informado,9
785,2,2026-05-11,Sem Texto,Não Informado,9
786,2,2026-05-11,Sem Texto,Não Informado,9
787,2,2026-05-11,Sem Texto,Não Informado,9
788,2,2026-05-11,Sem Texto,Não Informado,9
789,2,2026-05-11,Sem Texto,Não Informado,9
790,2,2026-05-11,Sem Texto,Não Informado,9
791,2,2026-05-11,Sem Texto,Não Informado,9
792,2,2026-05-11,Sem Texto,Não Informado,9
793,2,2026-05-11,Sem Texto,Não Informado,9
794,2,2026-05-11,Sem Texto,Não Informado,9
795,2,2026-05-11,Sem Texto,Não Informado,9
796,2,2026-05-11,Sem Texto,Não Informado,9
797,2,2026-05-11,Sem Texto,Não Informado,9
798,2,2026-05-11,Sem Texto,Não Informado,9
799,2,2026-05-11,Sem Texto,Não Informado,9
800,2,2026-05-11,Sem Texto,Não Informado,9
801,2,2026-05-11,Sem Texto,Não Informado,9
802,2,2026-05-11,Sem Texto,Não Informado,9
803,2,2026-05-11,Sem Texto,Não Informado,9
804,2,2026-05-11,Sem Texto,Não Informado,9
805,2,2026-05-11,Sem Texto,Não Informado,9
806,2,2026-05-11,Sem Texto,Não Informado,9
807,2,2026-05-11,Sem Texto,Não Informado,9
808,2,2026-05-11,Sem Texto,Não Informado,9
809,2,2026-05-11,Sem Texto,Não Informado,9
810,2,2026-05-11,Sem Texto,Não Informado,9
811,2,2026-05-11,Sem Texto,Não Informado,9
812,2,2026-05-11,Sem Texto,Não Informado,9
813,2,2026-05-11,Sem Texto,Não Informado,9
814,2,2026-05-11,Sem Texto,Não Informado,9
815,2,2026-05-11,Sem Texto,Não Informado,9
816,2,2026-05-11,Sem Texto,Não Informado,9
817,2,2026-05-11,Sem Texto,Não Informado,9
818,2,2026-05-11,Sem Texto,Não Informado,9
819,2,2026-05-11,Sem Texto,Não Informado,9
820,2,2026-05-11,Sem Texto,Não Informado,9
821,2,2026-05-11,Sem Texto,Não Informado,9
822,2,2026-05-11,Sem Texto,Não Informado,9
823,2,2026-05-11,Sem Texto,Não Informado,9
824,2,2026-05-11,Sem Texto,Não Informado,9
825,2,2026-05-11,Sem Texto,Não Informado,9
826,2,2026-05-11,Sem Texto,Não Informado,9
827,2,2026-05-11,Sem Texto,Não Informado,9
828,2,2026-05-11,Sem Texto,Não Informado,9
829,2,2026-05-11,Sem Texto,Não Informado,9
830,2,2026-05-11,Sem Texto,Não Informado,9
831,2,2026-05-11,Sem Texto,Não Informado,9
832,2,2026-05-11,Sem Texto,Não Informado,9
833,2,2026-05-11,Sem Texto,Não Informado,9
834,2,2026-05-11,Sem Texto,Não Informado,9
835,2,2026-05-11,Sem Texto,Não Informado,9
836,2,2026-05-11,Sem Texto,Não Informado,9
837,2,2026-05-11,Sem Texto,Não Informado,9
838,2,2026-05-11,Sem Texto,Não Informado,9
839,2,2026-05-11,Sem Texto,Não Informado,9
840,2,2026-05-11,Sem Texto,Não Informado,9
841,2,2026-05-11,Sem Texto,Não Informado,9
842,2,2026-05-11,Sem Texto,Não Informado,9
843,2,2026-05-11,Sem Texto,Não Informado,9
844,2,2026-05-11,Sem Texto,Não Informado,9
845,2,2026-05-11,Sem Texto,Não Informado,9
846,2,2026-05-11,Sem Texto,Não Informado,9
847,2,2026-05-11,Sem Texto,Não Informado,9
848,2,2026-05-11,Sem Texto,Não Informado,9
849,2,2026-05-11,Sem Texto,Não Informado,9
850,2,2026-05-11,Sem Texto,Não Informado,9
851,2,2026-05-11,Sem Texto,Não Informado,9
852,2,2026-05-11,Sem Texto,Não Informado,9
853,2,2026-05-11,Sem Texto,Não Informado,9
854,2,2026-05-11,Sem Texto,Não Informado,9
855,2,2026-05-11,Sem Texto,Não Informado,9
856,2,2026-05-11,Sem Texto,Não Informado,9
857,2,2026-05-11,Sem Texto,Não Informado,9
858,2,2026-05-11,Sem Texto,Não Informado,9
859,2,2026-05-11,Sem Texto,Não Informado,9
860,2,2026-05-11,Sem Texto,Não Informado,9
861,2,2026-05-11,Sem Texto,Não Informado,9
862,2,2026-05-11,Sem Texto,Não Informado,9
863,2,2026-05-11,Sem Texto,Não Informado,9
864,2,2026-05-11,Sem Texto,Não Informado,9
865,2,2026-05-11,Sem Texto,Não Informado,9
866,2,2026-05-11,Sem Texto,Não Informado,9
867,2,2026-05-11,Sem Texto,Não Informado,9
868,2,2026-05-11,Sem Texto,Não Informado,9
869,2,2026-05-11,Sem Texto,Não Informado,9
870,2,2026-05-11,Sem Texto,Não Informado,9
871,2,2026-05-11,Sem Texto,Não Informado,9
872,2,2026-05-11,Sem Texto,Não Informado,9
873,2,2026-05-11,Sem Texto,Não Informado,9
874,2,2026-05-11,Sem Texto,Não Informado,9
875,2,2026-05-11,Sem Texto,Não Informado,9
876,2,2026-05-11,Sem Texto,Não Informado,9
877,2,2026-05-11,Sem Texto,Não Informado,9
878,2,2026-05-11,Sem Texto,Não Informado,9
879,2,2026-05-11,Sem Texto,Não Informado,9
880,2,2026-05-11,Sem Texto,Não Informado,9
881,2,2026-05-11,Sem Texto,Não Informado,9
882,2,2026-05-11,Sem Texto,Não Informado,9
883,2,2026-05-11,Sem Texto,Não Informado,9
884,2,2026-05-11,Sem Texto,Não Informado,9
885,2,2026-05-11,Sem Texto,Não Informado,9
886,2,2026-05-11,Sem Texto,Não Informado,9
887,2,2026-05-11,Sem Texto,Não Informado,9
888,2,2026-05-11,Sem Texto,Não Informado,9
889,2,2026-05-11,Sem Texto,Não Informado,9
890,2,2026-05-11,Sem Texto,Não Informado,9
891,2,2026-05-11,Sem Texto,Não Informado,9
892,2,2026-05-11,Sem Texto,Não Informado,9
893,2,2026-05-11,Sem Texto,Não Informado,9
894,2,2026-05-11,Sem Texto,Não Informado,9
895,2,2026-05-11,Sem Texto,Não Informado,9
896,2,2026-05-11,Sem Texto,Não Informado,9
897,2,2026-05-11,Sem Texto,Não Informado,9
898,2,2026-05-11,Sem Texto,Não Informado,9
899,2,2026-05-11,Sem Texto,Não Informado,9
900,2,2026-05-11,Sem Texto,Não Informado,9
901,2,2026-05-11,Sem Texto,Não Informado,9
902,2,2026-05-11,Sem Texto,Não Informado,9
903,2,2026-05-11,Sem Texto,Não Informado,9
904,2,2026-05-11,Sem Texto,Não Informado,9
905,2,2026-05-11,Sem Texto,Não Informado,9
906,2,2026-05-11,Sem Texto,Não Informado,9
907,2,2026-05-11,Sem Texto,Não Informado,9
908,2,2026-05-11,Sem Texto,Não Informado,9
909,2,2026-05-11,Sem Texto,Não Informado,9
910,2,2026-05-11,Sem Texto,Não Informado,9
911,2,2026-05-11,Sem Texto,Não Informado,9
912,2,2026-05-11,Sem Texto,Não Informado,9
913,2,2026-05-11,Sem Texto,Não Informado,9
914,2,2026-05-11,Sem Texto,Não Informado,9
915,2,2026-05-11,Sem Texto,Não Informado,9
916,2,2026-05-11,Sem Texto,Não Informado,9
917,2,2026-05-11,Sem Texto,Não Informado,9
918,2,2026-05-11,Sem Texto,Não Informado,9
919,2,2026-05-11,Sem Texto,Não Informado,9
920,2,2026-05-11,Sem Texto,Não Informado,9
921,2,2026-05-11,Sem Texto,Não Informado,9
922,2,2026-05-11,Sem Texto,Não Informado,9
923,2,2026-05-11,Sem Texto,Não Informado,9
924,2,2026-05-11,Sem Texto,Não Informado,9
925,2,2026-05-11,Sem Texto,Não Informado,9
926,2,2026-05-11,Sem Texto,Não Informado,9
927,2,2026-05-11,Sem Texto,Não Informado,9
928,2,2026-05-11,Sem Texto,Não Informado,9
929,2,2026-05-11,Sem Texto,Não Informado,9
930,2,2026-05-11,Sem Texto,Não Informado,9
931,2,2026-05-11,Sem Texto,Não Informado,9
932,2,2026-05-11,Sem Texto,Não Informado,9
933,2,2026-05-11,Sem Texto,Não Informado,9
934,2,2026-05-11,Sem Texto,Não Informado,9
935,2,2026-05-11,Sem Texto,Não Informado,9
936,2,2026-05-11,Sem Texto,Não Informado,9
937,2,2026-05-11,Sem Texto,Não Informado,9
938,2,2026-05-11,Sem Texto,Não Informado,9
939,2,2026-05-11,Sem Texto,Não Informado,9
940,2,2026-05-11,Sem Texto,Não Informado,9
941,2,2026-05-11,Sem Texto,Não Informado,9
942,2,2026-05-11,Sem Texto,Não Informado,9
943,2,2026-05-11,Sem Texto,Não Informado,9
944,2,2026-05-11,Sem Texto,Não Informado,9
945,2,2026-05-11,Sem Texto,Não Informado,9
946,2,2026-05-11,Sem Texto,Não Informado,9
947,2,2026-05-11,Sem Texto,Não Informado,9
948,2,2026-05-11,Sem Texto,Não Informado,9
949,2,2026-05-11,Sem Texto,Não Informado,9
950,2,2026-05-11,Sem Texto,Não Informado,9
951,2,2026-05-11,Sem Texto,Não Informado,9
952,2,2026-05-11,Sem Texto,Não Informado,9
953,2,2026-05-11,Sem Texto,Não Informado,9
954,2,2026-05-11,Sem Texto,Não Informado,9
955,2,2026-05-11,Sem Texto,Não Informado,9
956,2,2026-05-11,Sem Texto,Não Informado,9
957,2,2026-05-11,Sem Texto,Não Informado,9
958,2,2026-05-11,Sem Texto,Não Informado,9
959,2,2026-05-11,Sem Texto,Não Informado,9
960,2,2026-05-11,Sem Texto,Não Informado,9
961,2,2026-05-11,Sem Texto,Não Informado,9
962,2,2026-05-11,Sem Texto,Não Informado,9
963,2,2026-05-11,Sem Texto,Não Informado,9
964,2,2026-05-11,Sem Texto,Não Informado,9
965,2,2026-05-11,Sem Texto,Não Informado,9
966,2,2026-05-11,Sem Texto,Não Informado,9
967,2,2026-05-11,Sem Texto,Não Informado,9
968,2,2026-05-11,Sem Texto,Não Informado,9
969,2,2026-05-11,Sem Texto,Não Informado,9
970,2,2026-05-11,Sem Texto,Não Informado,9
971,2,2026-05-11,Sem Texto,Não Informado,9
972,2,2026-05-11,Sem Texto,Não Informado,9
973,2,2026-05-11,Sem Texto,Não Informado,9
974,2,2026-05-11,Sem Texto,Não Informado,9
975,2,2026-05-11,Sem Texto,Não Informado,9
976,2,2026-05-11,Sem Texto,Não Informado,9
977,2,2026-05-11,Sem Texto,Não Informado,9
978,2,2026-05-11,Sem Texto,Não Informado,9
979,2,2026-05-11,Sem Texto,Não Informado,9
980,2,2026-05-11,Sem Texto,Não Informado,9
981,2,2026-05-11,Sem Texto,Não Informado,9
982,2,2026-05-11,Sem Texto,Não Informado,9
983,2,2026-05-11,Sem Texto,Não Informado,9
984,2,2026-05-11,Sem Texto,Não Informado,9
985,2,2026-05-11,Sem Texto,Não Informado,9
986,2,2026-05-11,Sem Texto,Não Informado,9
987,2,2026-05-11,Sem Texto,Não Informado,9
988,2,2026-05-11,Sem Texto,Não Informado,9
989,2,2026-05-11,Sem Texto,Não Informado,9
990,2,2026-05-11,Sem Texto,Não Informado,9
991,2,2026-05-11,Sem Texto,Não Informado,9
992,2,2026-05-11,Sem Texto,Não Informado,9
993,2,2026-05-11,Sem Texto,Não Informado,9
994,2,2026-05-11,Sem Texto,Não Informado,9
995,2,2026-05-11,Sem Texto,Não Informado,9
996,2,2026-05-11,Sem Texto,Não Informado,9
997,2,2026-05-11,Sem Texto,Não Informado,9
998,2,2026-05-11,Sem Texto,Não Informado,9
999,2,2026-05-11,Sem Texto,Não Informado,9
1000,2,2026-05-11,Sem Texto,Não Informado,9
1001,2,2026-05-11,Sem Texto,Não Informado,9
1002,2,2026-05-11,Sem Texto,Não Informado,9
1003,2,2026-05-11,Sem Texto,Não Informado,9
1004,2,2026-05-11,Sem Texto,Não Informado,9
1005,2,2026-05-11,Sem Texto,Não Informado,9
1006,2,2026-05-11,Sem Texto,Não Informado,9
1007,2,2026-05-11,Sem Texto,Não Informado,9
1008,2,2026-05-11,Sem Texto,Não Informado,9
1009,2,2026-05-11,Sem Texto,Não Informado,9
1010,2,2026-05-11,Sem Texto,Não Informado,9
1011,2,2026-05-11,Sem Texto,Não Informado,9
1012,2,2026-05-11,Sem Texto,Não Informado,9
1013,2,2026-05-11,Sem Texto,Não Informado,9
1014,2,2026-05-11,Sem Texto,Não Informado,9
1015,2,2026-05-11,Sem Texto,Não Informado,9
1016,2,2026-05-11,Sem Texto,Não Informado,9
1017,2,2026-05-11,Sem Texto,Não Informado,9
1018,2,2026-05-11,Sem Texto,Não Informado,9
1019,2,2026-05-11,Sem Texto,Não Informado,9
1020,2,2026-05-11,Sem Texto,Não Informado,9
1021,2,2026-05-11,Sem Texto,Não Informado,9
1022,2,2026-05-11,Sem Texto,Não Informado,9
1023,2,2026-05-11,Sem Texto,Não Informado,9
1024,2,2026-05-11,Sem Texto,Não Informado,9
1025,2,2026-05-11,Sem Texto,Não Informado,9
1026,2,2026-05-11,Sem Texto,Não Informado,9
1027,2,2026-05-11,Sem Texto,Não Informado,9
1028,2,2026-05-11,Sem Texto,Não Informado,9
1029,2,2026-05-11,Sem Texto,Não Informado,9
1030,2,2026-05-11,Sem Texto,Não Informado,9
1031,2,2026-05-11,Sem Texto,Não Informado,9
1032,2,2026-05-11,Sem Texto,Não Informado,9
1033,2,2026-05-11,Sem Texto,Não Informado,9
1034,2,2026-05-11,Sem Texto,Não Informado,9
1035,2,2026-05-11,Sem Texto,Não Informado,9
1036,2,2026-05-11,Sem Texto,Não Informado,9
1037,2,2026-05-11,Sem Texto,Não Informado,9
1038,2,2026-05-11,Sem Texto,Não Informado,9
1039,2,2026-05-11,Sem Texto,Não Informado,9
1040,2,2026-05-11,Sem Texto,Não Informado,9
1041,2,2026-05-11,Sem Texto,Não Informado,9
1042,2,2026-05-11,Sem Texto,Não Informado,9
1043,2,2026-05-11,Sem Texto,Não Informado,9
1044,2,2026-05-11,Sem Texto,Não Informado,9
1045,2,2026-05-11,Sem Texto,Não Informado,9
1046,2,2026-05-11,Sem Texto,Não Informado,9
1047,2,2026-05-11,Sem Texto,Não Informado,9
1048,2,2026-05-11,Sem Texto,Não Informado,9
1049,2,2026-05-11,Sem Texto,Não Informado,9
1050,2,2026-05-11,Sem Texto,Não Informado,9
1051,2,2026-05-11,Sem Texto,Não Informado,9
1052,2,2026-05-11,Sem Texto,Não Informado,9
1053,2,2026-05-11,Sem Texto,Não Informado,9
1054,2,2026-05-11,Sem Texto,Não Informado,9
1055,2,2026-05-11,Sem Texto,Não Informado,9
1056,2,2026-05-11,Sem Texto,Não Informado,9
1057,2,2026-05-11,Sem Texto,Não Informado,9
1058,2,2026-05-11,Sem Texto,Não Informado,9
1059,2,2026-05-11,Sem Texto,Não Informado,9
1060,2,2026-05-11,Sem Texto,Não Informado,9
1061,2,2026-05-11,Sem Texto,Não Informado,9
1062,2,2026-05-11,Sem Texto,Não Informado,9
1063,2,2026-05-11,Sem Texto,Não Informado,9
1064,2,2026-05-11,Sem Texto,Não Informado,9
1065,2,2026-05-11,Sem Texto,Não Informado,9
1066,2,2026-05-11,Sem Texto,Não Informado,9
1067,2,2026-05-11,Sem Texto,Não Informado,9
1068,2,2026-05-11,Sem Texto,Não Informado,9
1069,2,2026-05-11,Sem Texto,Não Informado,9
1070,2,2026-05-11,Sem Texto,Não Informado,9
1071,2,2026-05-11,Sem Texto,Não Informado,9
1072,2,2026-05-11,Sem Texto,Não Informado,9
1073,2,2026-05-11,Sem Texto,Não Informado,9
1074,2,2026-05-11,Sem Texto,Não Informado,9
1075,2,2026-05-11,Sem Texto,Não Informado,9
1076,2,2026-05-11,Sem Texto,Não Informado,9
1077,2,2026-05-11,Sem Texto,Não Informado,9
1078,2,2026-05-11,Sem Texto,Não Informado,9
1079,2,2026-05-11,Sem Texto,Não Informado,9
1080,2,2026-05-11,Sem Texto,Não Informado,9
1081,2,2026-05-11,Sem Texto,Não Informado,9
1082,2,2026-05-11,Sem Texto,Não Informado,9
1083,2,2026-05-11,Sem Texto,Não Informado,9
1084,2,2026-05-11,Sem Texto,Não Informado,9
1085,2,2026-05-11,Sem Texto,Não Informado,9
1086,2,2026-05-11,Sem Texto,Não Informado,9
1087,2,2026-05-11,Sem Texto,Não Informado,9
1088,2,2026-05-11,Sem Texto,Não Informado,9
1089,2,2026-05-11,Sem Texto,Não Informado,9
1090,2,2026-05-11,Sem Texto,Não Informado,9
1091,2,2026-05-11,Sem Texto,Não Informado,9
1092,2,2026-05-11,Sem Texto,Não Informado,9
1093,2,2026-05-11,Sem Texto,Não Informado,9
1094,2,2026-05-11,Sem Texto,Não Informado,9
1095,2,2026-05-11,Sem Texto,Não Informado,9
1096,2,2026-05-11,Sem Texto,Não Informado,9
1097,2,2026-05-11,Sem Texto,Não Informado,9
1098,2,2026-05-11,Sem Texto,Não Informado,9
1099,2,2026-05-11,Sem Texto,Não Informado,9
1100,2,2026-05-11,Sem Texto,Não Informado,9
1101,2,2026-05-11,Sem Texto,Não Informado,9
1102,2,2026-05-11,Sem Texto,Não Informado,9
1103,2,2026-05-11,Sem Texto,Não Informado,9
1104,2,2026-05-11,Sem Texto,Não Informado,9
1105,2,2026-05-11,Sem Texto,Não Informado,9
1106,2,2026-05-11,Sem Texto,Não Informado,9
1107,2,2026-05-11,Sem Texto,Não Informado,9
1108,2,2026-05-11,Sem Texto,Não Informado,9
1109,2,2026-05-11,Sem Texto,Não Informado,9
1110,2,2026-05-11,Sem Texto,Não Informado,9
1111,2,2026-05-11,Sem Texto,Não Informado,9
1112,2,2026-05-11,Sem Texto,Não Informado,9
1113,2,2026-05-11,Sem Texto,Não Informado,9
1114,2,2026-05-11,Sem Texto,Não Informado,9
1115,2,2026-05-11,Sem Texto,Não Informado,9
1116,2,2026-05-11,Sem Texto,Não Informado,9
1117,2,2026-05-11,Sem Texto,Não Informado,9
1118,2,2026-05-11,Sem Texto,Não Informado,9
1119,2,2026-05-11,Sem Texto,Não Informado,9
1120,2,2026-05-11,Sem Texto,Não Informado,9
1121,2,2026-05-11,Sem Texto,Não Informado,9
1122,2,2026-05-11,Sem Texto,Não Informado,9
1123,2,2026-05-11,Sem Texto,Não Informado,9
1124,2,2026-05-11,Sem Texto,Não Informado,9
1125,2,2026-05-11,Sem Texto,Não Informado,9
1126,2,2026-05-11,Sem Texto,Não Informado,9
1127,2,2026-05-11,Sem Texto,Não Informado,9
1128,2,2026-05-11,Sem Texto,Não Informado,9
1129,2,2026-05-11,Sem Texto,Não Informado,9
1130,2,2026-05-11,Sem Texto,Não Informado,9
1131,2,2026-05-11,Sem Texto,Não Informado,9
1132,2,2026-05-11,Sem Texto,Não Informado,9
1133,2,2026-05-11,Sem Texto,Não Informado,9
1134,2,2026-05-11,Sem Texto,Não Informado,9
1135,2,2026-05-11,Sem Texto,Não Informado,9
1136,2,2026-05-11,Sem Texto,Não Informado,9
1137,2,2026-05-11,Sem Texto,Não Informado,9
1138,2,2026-05-11,Sem Texto,Não Informado,9
1139,2,2026-05-11,Sem Texto,Não Informado,9
1140,2,2026-05-11,Sem Texto,Não Informado,9
1141,2,2026-05-11,Sem Texto,Não Informado,9
1142,2,2026-05-11,Sem Texto,Não Informado,9
1143,2,2026-05-11,Sem Texto,Não Informado,9
1144,2,2026-05-11,Sem Texto,Não Informado,9
1145,2,2026-05-11,Sem Texto,Não Informado,9
1146,2,2026-05-11,Sem Texto,Não Informado,9
1147,2,2026-05-11,Sem Texto,Não Informado,9
1148,2,2026-05-11,Sem Texto,Não Informado,9
1149,2,2026-05-11,Sem Texto,Não Informado,9
1150,2,2026-05-11,Sem Texto,Não Informado,9
1151,2,2026-05-11,Sem Texto,Não Informado,9
1152,2,2026-05-11,Sem Texto,Não Informado,9
1153,2,2026-05-11,Sem Texto,Não Informado,9
1154,2,2026-05-11,Sem Texto,Não Informado,9
1155,2,2026-05-11,Sem Texto,Não Informado,9
1156,2,2026-05-11,Sem Texto,Não Informado,9
1157,2,2026-05-11,Sem Texto,Não Informado,9
1158,2,2026-05-11,Sem Texto,Não Informado,9
1159,2,2026-05-11,Sem Texto,Não Informado,9
1160,2,2026-05-11,Sem Texto,Não Informado,9
1161,2,2026-05-11,Sem Texto,Não Informado,9
1162,2,2026-05-11,Sem Texto,Não Informado,9
1163,2,2026-05-11,Sem Texto,Não Informado,9
1164,2,2026-05-11,Sem Texto,Não Informado,9
1165,2,2026-05-11,Sem Texto,Não Informado,9
1166,2,2026-05-11,Sem Texto,Não Informado,9
1167,2,2026-05-11,Sem Texto,Não Informado,9
1168,2,2026-05-11,Sem Texto,Não Informado,9
1169,2,2026-05-11,Sem Texto,Não Informado,9
1170,2,2026-05-11,Sem Texto,Não Informado,9
1171,2,2026-05-11,Sem Texto,Não Informado,9
1172,2,2026-05-11,Sem Texto,Não Informado,9
1173,2,2026-05-11,Sem Texto,Não Informado,9
1174,2,2026-05-11,Sem Texto,Não Informado,9
1175,2,2026-05-11,Sem Texto,Não Informado,9
1176,2,2026-05-11,Sem Texto,Não Informado,9
1177,2,2026-05-11,Sem Texto,Não Informado,9
1178,2,2026-05-11,Sem Texto,Não Informado,9
1179,2,2026-05-11,Sem Texto,Não Informado,9
1180,2,2026-05-11,Sem Texto,Não Informado,9
1181,2,2026-05-11,Sem Texto,Não Informado,9
1182,2,2026-05-11,Sem Texto,Não Informado,9
1183,2,2026-05-11,Sem Texto,Não Informado,9
1184,2,2026-05-11,Sem Texto,Não Informado,9
1185,2,2026-05-11,Sem Texto,Não Informado,9
1186,2,2026-05-11,Sem Texto,Não Informado,9
1187,2,2026-05-11,Sem Texto,Não Informado,9
1188,2,2026-05-11,Sem Texto,Não Informado,9
1189,2,2026-05-11,Sem Texto,Não Informado,9
1190,2,2026-05-11,Sem Texto,Não Informado,9
1191,2,2026-05-11,Sem Texto,Não Informado,9
1192,2,2026-05-11,Sem Texto,Não Informado,9
1193,2,2026-05-11,Sem Texto,Não Informado,9
1194,2,2026-05-11,Sem Texto,Não Informado,9
1195,2,2026-05-11,Sem Texto,Não Informado,9
1196,2,2026-05-11,Sem Texto,Não Informado,9
1197,2,2026-05-11,Sem Texto,Não Informado,9
1198,2,2026-05-11,Sem Texto,Não Informado,9
1199,2,2026-05-11,Sem Texto,Não Informado,9
1200,2,2026-05-11,Sem Texto,Não Informado,9
1201,2,2026-05-11,Sem Texto,Não Informado,9
1202,2,2026-05-11,Sem Texto,Não Informado,9
1203,2,2026-05-11,Sem Texto,Não Informado,9
1204,2,2026-05-11,Sem Texto,Não Informado,9
1205,2,2026-05-11,Sem Texto,Não Informado,9
1206,2,2026-05-11,Sem Texto,Não Informado,9
1207,2,2026-05-11,Sem Texto,Não Informado,9
1208,2,2026-05-11,Sem Texto,Não Informado,9
1209,2,2026-05-11,Sem Texto,Não Informado,9
1210,2,2026-05-11,Sem Texto,Não Informado,9
1211,2,2026-05-11,Sem Texto,Não Informado,9
1212,2,2026-05-11,Sem Texto,Não Informado,9
1213,2,2026-05-11,Sem Texto,Não Informado,9
1214,2,2026-05-11,Sem Texto,Não Informado,9
1215,2,2026-05-11,Sem Texto,Não Informado,9
1216,2,2026-05-11,Sem Texto,Não Informado,9
1217,2,2026-05-11,Sem Texto,Não Informado,9
1218,2,2026-05-11,Sem Texto,Não Informado,9
1219,2,2026-05-11,Sem Texto,Não Informado,9
1220,2,2026-05-11,Sem Texto,Não Informado,9
1221,2,2026-05-11,Sem Texto,Não Informado,9
1222,2,2026-05-11,Sem Texto,Não Informado,9
1223,2,2026-05-11,Sem Texto,Não Informado,9
1224,2,2026-05-11,Sem Texto,Não Informado,9
1225,2,2026-05-11,Sem Texto,Não Informado,9
1226,2,2026-05-11,Sem Texto,Não Informado,9
1227,2,2026-05-11,Sem Texto,Não Informado,9
1228,2,2026-05-11,Sem Texto,Não Informado,9
1229,2,2026-05-11,Sem Texto,Não Informado,9
1230,2,2026-05-11,Sem Texto,Não Informado,9
1231,2,2026-05-11,Sem Texto,Não Informado,9
1232,2,2026-05-11,Sem Texto,Não Informado,9
1233,2,2026-05-11,Sem Texto,Não Informado,9
1234,2,2026-05-11,Sem Texto,Não Informado,9
1235,2,2026-05-11,Sem Texto,Não Informado,9
1236,2,2026-05-11,Sem Texto,Não Informado,9
1237,2,2026-05-11,Sem Texto,Não Informado,9
1238,2,2026-05-11,Sem Texto,Não Informado,9
1239,2,2026-05-11,Sem Texto,Não Informado,9
1240,2,2026-05-11,Sem Texto,Não Informado,9
1241,2,2026-05-11,Sem Texto,Não Informado,9
1242,2,2026-05-11,Sem Texto,Não Informado,9
1243,2,2026-05-11,Sem Texto,Não Informado,9
1244,2,2026-05-11,Sem Texto,Não Informado,9
1245,2,2026-05-11,Sem Texto,Não Informado,9
1246,2,2026-05-11,Sem Texto,Não Informado,9
1247,2,2026-05-11,Sem Texto,Não Informado,9
1248,2,2026-05-11,Sem Texto,Não Informado,9
1249,2,2026-05-11,Sem Texto,Não Informado,9
1250,2,2026-05-11,Sem Texto,Não Informado,9
1251,2,2026-05-11,Sem Texto,Não Informado,9
1252,2,2026-05-11,Sem Texto,Não Informado,9
1253,2,2026-05-11,Sem Texto,Não Informado,9
1254,2,2026-05-11,Sem Texto,Não Informado,9
1255,2,2026-05-11,Sem Texto,Não Informado,9
1256,2,2026-05-11,Sem Texto,Não Informado,9
1257,2,2026-05-11,Sem Texto,Não Informado,9
1258,2,2026-05-11,Sem Texto,Não Informado,9
1259,2,2026-05-11,Sem Texto,Não Informado,9
1260,2,2026-05-11,Sem Texto,Não Informado,9
1261,2,2026-05-11,Sem Texto,Não Informado,9
1262,2,2026-05-11,Sem Texto,Não Informado,9
1263,2,2026-05-11,Sem Texto,Não Informado,9
1264,2,2026-05-11,Sem Texto,Não Informado,9
1265,2,2026-05-11,Sem Texto,Não Informado,9
1266,2,2026-05-11,Sem Texto,Não Informado,9
1267,2,2026-05-11,Sem Texto,Não Informado,9
1268,2,2026-05-11,Sem Texto,Não Informado,9
1269,2,2026-05-11,Sem Texto,Não Informado,9
1270,2,2026-05-11,Sem Texto,Não Informado,9
1271,2,2026-05-11,Sem Texto,Não Informado,9
1272,2,2026-05-11,Sem Texto,Não Informado,9
1273,2,2026-05-11,Sem Texto,Não Informado,9
1274,2,2026-05-11,Sem Texto,Não Informado,9
1275,2,2026-05-11,Sem Texto,Não Informado,9
1276,2,2026-05-11,Sem Texto,Não Informado,9
1277,2,2026-05-11,Sem Texto,Não Informado,9
1278,2,2026-05-11,Sem Texto,Não Informado,9
1279,2,2026-05-11,Sem Texto,Não Informado,9
1280,2,2026-05-11,Sem Texto,Não Informado,9
1281,2,2026-05-11,Sem Texto,Não Informado,9
1282,2,2026-05-11,Sem Texto,Não Informado,9
1283,2,2026-05-11,Sem Texto,Não Informado,9
1284,2,2026-05-11,Sem Texto,Não Informado,9
1285,2,2026-05-11,Sem Texto,Não Informado,9
1286,2,2026-05-11,Sem Texto,Não Informado,9
1287,2,2026-05-11,Sem Texto,Não Informado,9
1288,2,2026-05-11,Sem Texto,Não Informado,9
1289,2,2026-05-11,Sem Texto,Não Informado,9
1290,2,2026-05-11,Sem Texto,Não Informado,9
1291,2,2026-05-11,Sem Texto,Não Informado,9
1292,2,2026-05-11,Sem Texto,Não Informado,9
1293,2,2026-05-11,Sem Texto,Não Informado,9
1294,2,2026-05-11,Sem Texto,Não Informado,9
1295,2,2026-05-11,Sem Texto,Não Informado,9
1296,2,2026-05-11,Sem Texto,Não Informado,9
1297,2,2026-05-11,Sem Texto,Não Informado,9
1298,2,2026-05-11,Sem Texto,Não Informado,9
1299,2,2026-05-11,Sem Texto,Não Informado,9
1300,2,2026-05-11,Sem Texto,Não Informado,9
1301,2,2026-05-11,Sem Texto,Não Informado,9
1302,2,2026-05-11,Sem Texto,Não Informado,9
1303,2,2026-05-11,Sem Texto,Não Informado,9
1304,2,2026-05-11,Sem Texto,Não Informado,9
1305,2,2026-05-11,Sem Texto,Não Informado,9
1306,2,2026-05-11,Sem Texto,Não Informado,9
1307,2,2026-05-11,Sem Texto,Não Informado,9
1308,2,2026-05-11,Sem Texto,Não Informado,9
1309,2,2026-05-11,Sem Texto,Não Informado,9
1310,2,2026-05-11,Sem Texto,Não Informado,9
1311,2,2026-05-11,Sem Texto,Não Informado,9
1312,2,2026-05-11,Sem Texto,Não Informado,9
1313,2,2026-05-11,Sem Texto,Não Informado,9
1314,2,2026-05-11,Sem Texto,Não Informado,9
1315,2,2026-05-11,Sem Texto,Não Informado,9
1316,2,2026-05-11,Sem Texto,Não Informado,9
1317,2,2026-05-11,Sem Texto,Não Informado,9
1318,2,2026-05-11,Sem Texto,Não Informado,9
1319,2,2026-05-11,Sem Texto,Não Informado,9
1320,2,2026-05-11,Sem Texto,Não Informado,9
1321,2,2026-05-11,Sem Texto,Não Informado,9
1322,2,2026-05-11,Sem Texto,Não Informado,9
1323,2,2026-05-11,Sem Texto,Não Informado,9
1324,2,2026-05-11,Sem Texto,Não Informado,9
1325,2,2026-05-11,Sem Texto,Não Informado,9
1326,2,2026-05-11,Sem Texto,Não Informado,9
1327,2,2026-05-11,Sem Texto,Não Informado,9
1328,2,2026-05-11,Sem Texto,Não Informado,9
1329,2,2026-05-11,Sem Texto,Não Informado,9
1330,2,2026-05-11,Sem Texto,Não Informado,9
1331,2,2026-05-11,Sem Texto,Não Informado,9
1332,2,2026-05-11,Sem Texto,Não Informado,9
1333,2,2026-05-11,Sem Texto,Não Informado,9
1334,2,2026-05-11,Sem Texto,Não Informado,9
1335,2,2026-05-11,Sem Texto,Não Informado,9
1336,2,2026-05-11,Sem Texto,Não Informado,9
1337,2,2026-05-11,Sem Texto,Não Informado,9
1338,2,2026-05-11,Sem Texto,Não Informado,9
1339,2,2026-05-11,Sem Texto,Não Informado,9
1340,2,2026-05-11,Sem Texto,Não Informado,9
1341,2,2026-05-11,Sem Texto,Não Informado,9
1342,2,2026-05-11,Sem Texto,Não Informado,9
1343,2,2026-05-11,Sem Texto,Não Informado,9
1344,2,2026-05-11,Sem Texto,Não Informado,9
1345,2,2026-05-11,Sem Texto,Não Informado,9
1346,2,2026-05-11,Sem Texto,Não Informado,9
1347,2,2026-05-11,Sem Texto,Não Informado,9
1348,2,2026-05-11,Sem Texto,Não Informado,9
1349,2,2026-05-11,Sem Texto,Não Informado,9
1350,2,2026-05-11,Sem Texto,Não Informado,9
1351,2,2026-05-11,Sem Texto,Não Informado,9
1352,2,2026-05-11,Sem Texto,Não Informado,9
1353,2,2026-05-11,Sem Texto,Não Informado,9
1354,2,2026-05-11,Sem Texto,Não Informado,9
1355,2,2026-05-11,Sem Texto,Não Informado,9
1356,2,2026-05-11,Sem Texto,Não Informado,9
1357,2,2026-05-11,Sem Texto,Não Informado,9
1358,2,2026-05-11,Sem Texto,Não Informado,9
1359,2,2026-05-11,Sem Texto,Não Informado,9
1360,2,2026-05-11,Sem Texto,Não Informado,9
1361,2,2026-05-11,Sem Texto,Não Informado,9
1362,2,2026-05-11,Sem Texto,Não Informado,9
1363,2,2026-05-11,Sem Texto,Não Informado,9
1364,2,2026-05-11,Sem Texto,Não Informado,9
1365,2,2026-05-11,Sem Texto,Não Informado,9
1366,2,2026-05-11,Sem Texto,Não Informado,9
1367,2,2026-05-11,Sem Texto,Não Informado,9
1368,2,2026-05-11,Sem Texto,Não Informado,9
1369,2,2026-05-11,Sem Texto,Não Informado,9
1370,2,2026-05-11,Sem Texto,Não Informado,9
1371,2,2026-05-11,Sem Texto,Não Informado,9
1372,2,2026-05-11,Sem Texto,Não Informado,9
1373,2,2026-05-11,Sem Texto,Não Informado,9
1374,2,2026-05-11,Sem Texto,Não Informado,9
1375,2,2026-05-11,Sem Texto,Não Informado,9
1376,2,2026-05-11,Sem Texto,Não Informado,9
1377,2,2026-05-11,Sem Texto,Não Informado,9
1378,2,2026-05-11,Sem Texto,Não Informado,9
1379,2,2026-05-11,Sem Texto,Não Informado,9
1380,2,2026-05-11,Sem Texto,Não Informado,9
1381,2,2026-05-11,Sem Texto,Não Informado,9
1382,2,2026-05-11,Sem Texto,Não Informado,9
1383,2,2026-05-11,Sem Texto,Não Informado,9
1384,2,2026-05-11,Sem Texto,Não Informado,9
1385,2,2026-05-11,Sem Texto,Não Informado,9
1386,2,2026-05-11,Sem Texto,Não Informado,9
1387,2,2026-05-11,Sem Texto,Não Informado,9
1388,2,2026-05-11,Sem Texto,Não Informado,9
1389,2,2026-05-11,Sem Texto,Não Informado,9
1390,2,2026-05-11,Sem Texto,Não Informado,9
1391,2,2026-05-11,Sem Texto,Não Informado,9
1392,2,2026-05-11,Sem Texto,Não Informado,9
1393,2,2026-05-11,Sem Texto,Não Informado,9
1394,2,2026-05-11,Sem Texto,Não Informado,9
1395,2,2026-05-11,Sem Texto,Não Informado,9
1396,2,2026-05-11,Sem Texto,Não Informado,9
1397,2,2026-05-11,Sem Texto,Não Informado,9
1398,2,2026-05-11,Sem Texto,Não Informado,9
1399,2,2026-05-11,Sem Texto,Não Informado,9
1400,2,2026-05-11,Sem Texto,Não Informado,9
1401,2,2026-05-11,Sem Texto,Não Informado,9
1402,2,2026-05-11,Sem Texto,Não Informado,9
1403,2,2026-05-11,Sem Texto,Não Informado,9
1404,2,2026-05-11,Sem Texto,Não Informado,9
1405,2,2026-05-11,Sem Texto,Não Informado,9
1406,2,2026-05-11,Sem Texto,Não Informado,9
1407,2,2026-05-11,Sem Texto,Não Informado,9
1408,2,2026-05-11,Sem Texto,Não Informado,9
1409,2,2026-05-11,Sem Texto,Não Informado,9
1410,2,2026-05-11,Sem Texto,Não Informado,9
1411,2,2026-05-11,Sem Texto,Não Informado,9
1412,2,2026-05-11,Sem Texto,Não Informado,9
1413,2,2026-05-11,Sem Texto,Não Informado,9
1414,2,2026-05-11,Sem Texto,Não Informado,9
1415,2,2026-05-11,Sem Texto,Não Informado,9
1416,2,2026-05-11,Sem Texto,Não Informado,9
1417,2,2026-05-11,Sem Texto,Não Informado,9
1418,2,2026-05-11,Sem Texto,Não Informado,9
1419,2,2026-05-11,Sem Texto,Não Informado,9
1420,2,2026-05-11,Sem Texto,Não Informado,9
1421,2,2026-05-11,Sem Texto,Não Informado,9
1422,2,2026-05-11,Sem Texto,Não Informado,9
1423,2,2026-05-11,Sem Texto,Não Informado,9
1424,2,2026-05-11,Sem Texto,Não Informado,9
1425,2,2026-05-11,Sem Texto,Não Informado,9
1426,2,2026-05-11,Sem Texto,Não Informado,9
1427,2,2026-05-11,Sem Texto,Não Informado,9
1428,2,2026-05-11,Sem Texto,Não Informado,9
1429,2,2026-05-11,Sem Texto,Não Informado,9
1430,2,2026-05-11,Sem Texto,Não Informado,9
1431,2,2026-05-11,Sem Texto,Não Informado,9
1432,2,2026-05-11,Sem Texto,Não Informado,9
1433,2,2026-05-11,Sem Texto,Não Informado,9
1434,2,2026-05-11,Sem Texto,Não Informado,9
1435,2,2026-05-11,Sem Texto,Não Informado,9
1436,2,2026-05-11,Sem Texto,Não Informado,9
1437,2,2026-05-11,Sem Texto,Não Informado,9
1438,2,2026-05-11,Sem Texto,Não Informado,9
1439,2,2026-05-11,Sem Texto,Não Informado,9
1440,2,2026-05-11,Sem Texto,Não Informado,9
1441,2,2026-05-11,Sem Texto,Não Informado,9
1442,2,2026-05-11,Sem Texto,Não Informado,9
1443,2,2026-05-11,Sem Texto,Não Informado,9
1444,2,2026-05-11,Sem Texto,Não Informado,9
1445,2,2026-05-11,Sem Texto,Não Informado,9
1446,2,2026-05-11,Sem Texto,Não Informado,9
1447,2,2026-05-11,Sem Texto,Não Informado,9
1448,2,2026-05-11,Sem Texto,Não Informado,9
1449,2,2026-05-11,Sem Texto,Não Informado,9
1450,2,2026-05-11,Sem Texto,Não Informado,9
1451,2,2026-05-11,Sem Texto,Não Informado,9
1452,2,2026-05-11,Sem Texto,Não Informado,9
1453,2,2026-05-11,Sem Texto,Não Informado,9
1454,2,2026-05-11,Sem Texto,Não Informado,9
1455,2,2026-05-11,Sem Texto,Não Informado,9
1456,2,2026-05-11,Sem Texto,Não Informado,9
1457,2,2026-05-11,Sem Texto,Não Informado,9
1458,2,2026-05-11,Sem Texto,Não Informado,9
1459,2,2026-05-11,Sem Texto,Não Informado,9
1460,2,2026-05-11,Sem Texto,Não Informado,9
1461,2,2026-05-11,Sem Texto,Não Informado,9
1462,2,2026-05-11,Sem Texto,Não Informado,9
1463,2,2026-05-11,Sem Texto,Não Informado,9
1464,2,2026-05-11,Sem Texto,Não Informado,9
1465,2,2026-05-11,Sem Texto,Não Informado,9
1466,2,2026-05-11,Sem Texto,Não Informado,9
1467,2,2026-05-11,Sem Texto,Não Informado,9
1468,2,2026-05-11,Sem Texto,Não Informado,9
1469,2,2026-05-11,Sem Texto,Não Informado,9
1470,2,2026-05-11,Sem Texto,Não Informado,9
1471,2,2026-05-11,Sem Texto,Não Informado,9
1472,2,2026-05-11,Sem Texto,Não Informado,9
1473,2,2026-05-11,Sem Texto,Não Informado,9
